{
  "data_size": 1803,
  "inline_verbalized_confidence": {
    "auroc": 0.49913863591507596,
    "auprc": 0.6778377375897509,
    "auprc_n": 0.32497747607033756
  },
  "verbalized_confidence_with_options": {
    "auroc": 0.6396502382496405,
    "auprc": 0.7540641928042603,
    "auprc_n": 0.4153902591517981
  },
  "sc_score_4samples": {
    "auroc": 0.7435517523331546,
    "auprc": 0.8274166799409882,
    "auprc_n": 0.5157380037093591
  },
  "breakdown_eigenvector_centrality_4samples": {
    "auroc": 0.7034165562353738,
    "auprc": 0.7994658501991212,
    "auprc_n": 0.5639198240061659
  },
  "breakdown_betweenness_centrality_4samples": {
    "auroc": 0.7183811712295937,
    "auprc": 0.7931508707702202,
    "auprc_n": 0.5135863373630677
  },
  "breakdown_closeness_centrality_4samples": {
    "auroc": 0.7863908703865565,
    "auprc": 0.8590883832201269,
    "auprc_n": 0.6678841709230132
  },
  "breakdown_pagerank_4samples": {
    "auroc": 0.7026038289113824,
    "auprc": 0.8190055404734421,
    "auprc_n": 0.4730639991050427
  },
  "breakdown_closeness_centrality_with_node_confidence_4samples": {
    "auroc": 0.7889580455070911,
    "auprc": 0.8655868056339305,
    "auprc_n": 0.6535158182744361
  },
  "sc_plus_vc": {
    "auroc": 0.7523782671215496,
    "auprc": 0.8414476554204205,
    "auprc_n": 0.5481574048905009
  },
  "sc_based_vc": {
    "auroc": 0.7685644401838327,
    "auprc": 0.8511728090442993,
    "auprc_n": 0.5784709175923349
  },
  "sc_based_ilvc": {
    "auroc": 0.7435418840048496,
    "auprc": 0.8283776983688461,
    "auprc_n": 0.5224314994640761
  }
}