{
  "data_size": 1803,
  "inline_verbalized_confidence": {
    "auroc": 0.49913863591507596,
    "auprc": 0.6778377375897509,
    "auprc_n": 0.32497747607033756
  },
  "verbalized_confidence_with_options": {
    "auroc": 0.6396502382496405,
    "auprc": 0.7540641928042603,
    "auprc_n": 0.4153902591517981
  },
  "sc_score_9samples": {
    "auroc": 0.7714579750190318,
    "auprc": 0.8514561958312283,
    "auprc_n": 0.5719233627426666
  },
  "breakdown_eigenvector_centrality_9samples": {
    "auroc": 0.7288423041136831,
    "auprc": 0.8065146240415371,
    "auprc_n": 0.6041762482168582
  },
  "breakdown_betweenness_centrality_9samples": {
    "auroc": 0.7381199424817437,
    "auprc": 0.8041958576980954,
    "auprc_n": 0.566144986236202
  },
  "breakdown_closeness_centrality_9samples": {
    "auroc": 0.8000091634477119,
    "auprc": 0.8681940496832036,
    "auprc_n": 0.6930084322891222
  },
  "breakdown_pagerank_9samples": {
    "auroc": 0.7227746919671807,
    "auprc": 0.8217351801741369,
    "auprc_n": 0.5112528627076048
  },
  "breakdown_closeness_centrality_with_node_confidence_9samples": {
    "auroc": 0.7955719401133448,
    "auprc": 0.86879640895617,
    "auprc_n": 0.6632257405567014
  },
  "sc_plus_vc": {
    "auroc": 0.7616178419375759,
    "auprc": 0.8530933222733579,
    "auprc_n": 0.5811176233611809
  },
  "sc_based_vc": {
    "auroc": 0.7846864691121325,
    "auprc": 0.8636145028010631,
    "auprc_n": 0.6286328313602336
  },
  "sc_based_ilvc": {
    "auroc": 0.7715721656751346,
    "auprc": 0.8522051295438271,
    "auprc_n": 0.578070384390705
  }
}