{
  "data_size": 1465,
  "inline_verbalized_confidence": {
    "auroc": 0.5082299519314212,
    "auprc": 0.5601343980495802,
    "auprc_n": 0.44891836170618693
  },
  "verbalized_confidence_with_options": {
    "auroc": 0.6228408756480202,
    "auprc": 0.6299495006389282,
    "auprc_n": 0.5328704389516808
  },
  "sc_score_9samples": {
    "auroc": 0.7885661678702677,
    "auprc": 0.7855398721532145,
    "auprc_n": 0.7210464687764477
  },
  "breakdown_eigenvector_centrality_9samples": {
    "auroc": 0.7283512175612554,
    "auprc": 0.6947328303373954,
    "auprc_n": 0.696652030156666
  },
  "breakdown_betweenness_centrality_9samples": {
    "auroc": 0.6829445211630031,
    "auprc": 0.6439395189598033,
    "auprc_n": 0.6786407227642169
  },
  "breakdown_closeness_centrality_9samples": {
    "auroc": 0.8091415193293038,
    "auprc": 0.814273676427885,
    "auprc_n": 0.7739213181335078
  },
  "breakdown_pagerank_9samples": {
    "auroc": 0.7403796814041761,
    "auprc": 0.721674586368907,
    "auprc_n": 0.7130018859125702
  },
  "breakdown_closeness_centrality_with_node_confidence_9samples": {
    "auroc": 0.8220094854322777,
    "auprc": 0.8399933428657094,
    "auprc_n": 0.7756076453951517
  },
  "sc_plus_vc": {
    "auroc": 0.7941191451791818,
    "auprc": 0.8037449606177645,
    "auprc_n": 0.7160672087822059
  },
  "sc_based_vc": {
    "auroc": 0.8006851847659581,
    "auprc": 0.8101780440533088,
    "auprc_n": 0.7383889301017259
  },
  "sc_based_ilvc": {
    "auroc": 0.7930711822455648,
    "auprc": 0.7993753442337616,
    "auprc_n": 0.7296006741156865
  }
}