{
  "data_size": 1465,
  "inline_verbalized_confidence": {
    "auroc": 0.5082299519314212,
    "auprc": 0.5601343980495802,
    "auprc_n": 0.44891836170618693
  },
  "verbalized_confidence_with_options": {
    "auroc": 0.6228408756480202,
    "auprc": 0.6299495006389282,
    "auprc_n": 0.5328704389516808
  },
  "sc_score_4samples": {
    "auroc": 0.7575960805620328,
    "auprc": 0.7416574503529116,
    "auprc_n": 0.6763030530420541
  },
  "breakdown_eigenvector_centrality_4samples": {
    "auroc": 0.7158548962790241,
    "auprc": 0.6845475415180672,
    "auprc_n": 0.665770368062542
  },
  "breakdown_betweenness_centrality_4samples": {
    "auroc": 0.6499662312574046,
    "auprc": 0.6142287166855753,
    "auprc_n": 0.6452858571127529
  },
  "breakdown_closeness_centrality_4samples": {
    "auroc": 0.7928957357058234,
    "auprc": 0.7919015345237624,
    "auprc_n": 0.7539844589809346
  },
  "breakdown_pagerank_4samples": {
    "auroc": 0.7339381522649583,
    "auprc": 0.7209974568990891,
    "auprc_n": 0.6870541179562124
  },
  "breakdown_closeness_centrality_with_node_confidence_4samples": {
    "auroc": 0.8127542088304318,
    "auprc": 0.8296904419151993,
    "auprc_n": 0.7606093505144833
  },
  "sc_plus_vc": {
    "auroc": 0.7784874244447966,
    "auprc": 0.7733266454048418,
    "auprc_n": 0.6932634776245461
  },
  "sc_based_vc": {
    "auroc": 0.7817190365155184,
    "auprc": 0.7794321708457171,
    "auprc_n": 0.7052373868885697
  },
  "sc_based_ilvc": {
    "auroc": 0.7629745545921718,
    "auprc": 0.7557711802768137,
    "auprc_n": 0.6847581011679451
  }
}