{
  "data_size": 2419,
  "inline_verbalized_confidence": {
    "auroc": 0.5681198188784397,
    "auprc": 0.6216488125508999,
    "auprc_n": 0.4725022717626101
  },
  "verbalized_confidence_with_options": {
    "auroc": 0.6625224660397075,
    "auprc": 0.6751799345772669,
    "auprc_n": 0.5562954445048236
  },
  "sc_score_9samples": {
    "auroc": 0.7560135841170325,
    "auprc": 0.7829196575591264,
    "auprc_n": 0.6515913023890342
  },
  "breakdown_eigenvector_centrality_9samples": {
    "auroc": 0.7248300243817484,
    "auprc": 0.7530703433359129,
    "auprc_n": 0.6301348677700027
  },
  "breakdown_betweenness_centrality_9samples": {
    "auroc": 0.7196377568791362,
    "auprc": 0.7332429518068886,
    "auprc_n": 0.638498760533295
  },
  "breakdown_closeness_centrality_9samples": {
    "auroc": 0.783637408568443,
    "auprc": 0.8139587034794743,
    "auprc_n": 0.7133947434724236
  },
  "breakdown_pagerank_9samples": {
    "auroc": 0.7337951933124347,
    "auprc": 0.7683345846348258,
    "auprc_n": 0.6452150926263311
  },
  "breakdown_closeness_centrality_with_node_confidence_9samples": {
    "auroc": 0.7982330198537095,
    "auprc": 0.8313926537466299,
    "auprc_n": 0.7350737094301142
  },
  "sc_plus_vc": {
    "auroc": 0.7753594566353186,
    "auprc": 0.8028465215684593,
    "auprc_n": 0.6918388341090561
  },
  "sc_based_vc": {
    "auroc": 0.767868686868687,
    "auprc": 0.8016170168388459,
    "auprc_n": 0.6825749370945232
  },
  "sc_based_ilvc": {
    "auroc": 0.7587889237199583,
    "auprc": 0.7949940485447006,
    "auprc_n": 0.6666753100957402
  }
}