{
  "data_size": 2419,
  "inline_verbalized_confidence": {
    "auroc": 0.5681198188784397,
    "auprc": 0.6216488125508999,
    "auprc_n": 0.4725022717626101
  },
  "verbalized_confidence_with_options": {
    "auroc": 0.6625224660397075,
    "auprc": 0.6751799345772669,
    "auprc_n": 0.5562954445048236
  },
  "sc_score_4samples": {
    "auroc": 0.7352389411354928,
    "auprc": 0.7563611958813456,
    "auprc_n": 0.6155004397464907
  },
  "breakdown_eigenvector_centrality_4samples": {
    "auroc": 0.7001323580633925,
    "auprc": 0.7424446176292004,
    "auprc_n": 0.5908076533619795
  },
  "breakdown_betweenness_centrality_4samples": {
    "auroc": 0.7022075931731104,
    "auprc": 0.7118989818478725,
    "auprc_n": 0.6066841978144485
  },
  "breakdown_closeness_centrality_4samples": {
    "auroc": 0.77180355276907,
    "auprc": 0.8120704714277853,
    "auprc_n": 0.6990506820369359
  },
  "breakdown_pagerank_4samples": {
    "auroc": 0.7184134447927552,
    "auprc": 0.7623202442664074,
    "auprc_n": 0.6170277112529092
  },
  "breakdown_closeness_centrality_with_node_confidence_4samples": {
    "auroc": 0.789455938697318,
    "auprc": 0.8261226020234822,
    "auprc_n": 0.7234922009911303
  },
  "sc_plus_vc": {
    "auroc": 0.7613427377220482,
    "auprc": 0.7832478041452894,
    "auprc_n": 0.6660799123358628
  },
  "sc_based_vc": {
    "auroc": 0.7592075931731104,
    "auprc": 0.7880918349125231,
    "auprc_n": 0.6670525184363434
  },
  "sc_based_ilvc": {
    "auroc": 0.7403820968303727,
    "auprc": 0.7757278801011112,
    "auprc_n": 0.6349970551231046
  }
}